,motor1_current,motor2_current,motor3_current,motor4_current,motor5_current,motor6_current,total_coal_quality,instantaneous_coal_quality,motor1_error,motor2_error,motor3_error,motor4_error,motor5_error,motor6_error,class
0,1,1,1,1,1,1,1,1,0,0,0,0,0,0,1
1,1,1,1,1,1,1,1,2,0,0,0,0,0,0,2
2,1,1,1,1,1,1,1,3,0,0,0,0,0,0,1
3,1,1,1,1,1,1,2,1,0,0,0,0,0,0,2
4,1,1,1,1,1,1,2,2,0,0,0,0,0,0,2
5,1,1,1,1,1,1,2,3,0,0,0,0,0,0,2
6,1,1,1,1,1,1,3,1,0,0,0,0,0,0,3
7,1,1,1,1,1,1,3,2,0,0,0,0,0,0,1
8,1,1,1,1,1,1,3,3,0,0,0,0,0,0,3
9,1,1,1,1,1,2,1,1,0,0,0,0,0,0,4
10,1,1,1,1,1,2,1,2,0,0,0,0,0,0,2
11,1,1,1,1,1,2,1,3,0,0,0,0,0,0,4
12,1,1,1,1,1,2,2,1,0,0,0,0,0,0,2
13,1,1,1,1,1,2,2,2,0,0,0,0,0,0,2
14,1,1,1,1,1,2,2,3,0,0,0,0,0,0,2
15,1,1,1,1,1,2,3,1,0,0,0,0,0,0,4
16,1,1,1,1,1,2,3,2,0,0,0,0,0,0,4
17,1,1,1,1,1,2,3,3,0,0,0,0,0,0,4
18,1,1,1,1,1,3,1,1,0,0,0,0,0,0,1
19,1,1,1,1,1,3,1,2,0,0,0,0,0,0,2
20,1,1,1,1,1,3,1,3,0,0,0,0,0,0,1
21,1,1,1,1,1,3,2,1,0,0,0,0,0,0,2
22,1,1,1,1,1,3,2,2,0,0,0,0,0,0,2
23,1,1,1,1,1,3,2,3,0,0,0,0,0,0,2
24,1,1,1,1,1,3,3,1,0,0,0,0,0,0,3
25,1,1,1,1,1,3,3,2,0,0,0,0,0,0,1
26,1,1,1,1,1,3,3,3,0,0,0,0,0,0,3
27,1,1,1,1,2,1,1,1,0,0,0,0,0,0,4
28,1,1,1,1,2,1,1,2,0,0,0,0,0,0,2
29,1,1,1,1,2,1,1,3,0,0,0,0,0,0,4
30,1,1,1,1,2,1,2,1,0,0,0,0,0,0,2
31,1,1,1,1,2,1,2,2,0,0,0,0,0,0,2
32,1,1,1,1,2,1,2,3,0,0,0,0,0,0,2
33,1,1,1,1,2,1,3,1,0,0,0,0,0,0,4
34,1,1,1,1,2,1,3,2,0,0,0,0,0,0,4
35,1,1,1,1,2,1,3,3,0,0,0,0,0,0,4
36,1,1,1,1,2,2,1,1,0,0,0,0,0,0,4
37,1,1,1,1,2,2,1,2,0,0,0,0,0,0,2
38,1,1,1,1,2,2,1,3,0,0,0,0,0,0,4
39,1,1,1,1,2,2,2,1,0,0,0,0,0,0,2
40,1,1,1,1,2,2,2,2,0,0,0,0,0,0,2
41,1,1,1,1,2,2,2,3,0,0,0,0,0,0,2
42,1,1,1,1,2,2,3,1,0,0,0,0,0,0,4
43,1,1,1,1,2,2,3,2,0,0,0,0,0,0,4
44,1,1,1,1,2,2,3,3,0,0,0,0,0,0,4
45,1,1,1,1,2,3,1,1,0,0,0,0,0,0,4
46,1,1,1,1,2,3,1,2,0,0,0,0,0,0,2
47,1,1,1,1,2,3,1,3,0,0,0,0,0,0,4
48,1,1,1,1,2,3,2,1,0,0,0,0,0,0,2
49,1,1,1,1,2,3,2,2,0,0,0,0,0,0,2
50,1,1,1,1,2,3,2,3,0,0,0,0,0,0,2
51,1,1,1,1,2,3,3,1,0,0,0,0,0,0,4
52,1,1,1,1,2,3,3,2,0,0,0,0,0,0,4
53,1,1,1,1,2,3,3,3,0,0,0,0,0,0,4
54,1,1,1,1,3,1,1,1,0,0,0,0,0,0,1
55,1,1,1,1,3,1,1,2,0,0,0,0,0,0,2
56,1,1,1,1,3,1,1,3,0,0,0,0,0,0,1
57,1,1,1,1,3,1,2,1,0,0,0,0,0,0,2
58,1,1,1,1,3,1,2,2,0,0,0,0,0,0,2
59,1,1,1,1,3,1,2,3,0,0,0,0,0,0,2
60,1,1,1,1,3,1,3,1,0,0,0,0,0,0,3
61,1,1,1,1,3,1,3,2,0,0,0,0,0,0,1
62,1,1,1,1,3,1,3,3,0,0,0,0,0,0,3
63,1,1,1,1,3,2,1,1,0,0,0,0,0,0,1
64,1,1,1,1,3,2,1,2,0,0,0,0,0,0,2
65,1,1,1,1,3,2,1,3,0,0,0,0,0,0,1
66,1,1,1,1,3,2,2,1,0,0,0,0,0,0,2
67,1,1,1,1,3,2,2,2,0,0,0,0,0,0,2
68,1,1,1,1,3,2,2,3,0,0,0,0,0,0,2
69,1,1,1,1,3,2,3,1,0,0,0,0,0,0,3
70,1,1,1,1,3,2,3,2,0,0,0,0,0,0,1
71,1,1,1,1,3,2,3,3,0,0,0,0,0,0,3
72,1,1,1,1,3,3,1,1,0,0,0,0,0,0,6
73,1,1,1,1,3,3,1,2,0,0,0,0,0,0,6
74,1,1,1,1,3,3,1,3,0,0,0,0,0,0,6
75,1,1,1,1,3,3,2,1,0,0,0,0,0,0,2
76,1,1,1,1,3,3,2,2,0,0,0,0,0,0,2
77,1,1,1,1,3,3,2,3,0,0,0,0,0,0,2
78,1,1,1,1,3,3,3,1,0,0,0,0,0,0,6
79,1,1,1,1,3,3,3,2,0,0,0,0,0,0,6
80,1,1,1,1,3,3,3,3,0,0,0,0,0,0,6
81,1,1,1,2,1,1,1,1,0,0,0,0,0,0,5
82,1,1,1,2,1,1,1,2,0,0,0,0,0,0,2
83,1,1,1,2,1,1,1,3,0,0,0,0,0,0,5
84,1,1,1,2,1,1,2,1,0,0,0,0,0,0,2
85,1,1,1,2,1,1,2,2,0,0,0,0,0,0,2
86,1,1,1,2,1,1,2,3,0,0,0,0,0,0,2
87,1,1,1,2,1,1,3,1,0,0,0,0,0,0,5
88,1,1,1,2,1,1,3,2,0,0,0,0,0,0,5
89,1,1,1,2,1,1,3,3,0,0,0,0,0,0,5
90,1,1,1,2,2,1,1,1,0,0,0,0,0,0,5
91,1,1,1,2,2,1,1,2,0,0,0,0,0,0,2
92,1,1,1,2,2,1,1,3,0,0,0,0,0,0,5
93,1,1,1,2,2,1,2,1,0,0,0,0,0,0,2
94,1,1,1,2,2,1,2,2,0,0,0,0,0,0,2
95,1,1,1,2,2,1,2,3,0,0,0,0,0,0,2
96,1,1,1,2,2,1,3,1,0,0,0,0,0,0,5
97,1,1,1,2,2,1,3,2,0,0,0,0,0,0,5
98,1,1,1,2,2,1,3,3,0,0,0,0,0,0,5
99,1,1,1,2,2,2,1,1,0,0,0,0,0,0,4
100,1,1,1,2,2,2,1,2,0,0,0,0,0,0,4
101,1,1,1,2,2,2,1,3,0,0,0,0,0,0,4
102,1,1,1,2,2,2,2,1,0,0,0,0,0,0,2
103,1,1,1,2,2,2,2,2,0,0,0,0,0,0,2
104,1,1,1,2,2,2,2,3,0,0,0,0,0,0,2
105,1,1,1,2,2,2,3,1,0,0,0,0,0,0,4
106,1,1,1,2,2,2,3,2,0,0,0,0,0,0,4
107,1,1,1,2,2,2,3,3,0,0,0,0,0,0,4
108,1,1,1,2,2,3,1,1,0,0,0,0,0,0,5
109,1,1,1,2,2,3,1,2,0,0,0,0,0,0,2
110,1,1,1,2,2,3,1,3,0,0,0,0,0,0,5
111,1,1,1,2,2,3,2,1,0,0,0,0,0,0,2
112,1,1,1,2,2,3,2,2,0,0,0,0,0,0,2
113,1,1,1,2,2,3,2,3,0,0,0,0,0,0,2
114,1,1,1,2,2,3,3,1,0,0,0,0,0,0,5
115,1,1,1,2,2,3,3,2,0,0,0,0,0,0,5
116,1,1,1,2,2,3,3,3,0,0,0,0,0,0,5
117,1,1,1,3,1,1,1,1,0,0,0,0,0,0,1
118,1,1,1,3,1,1,1,2,0,0,0,0,0,0,2
119,1,1,1,3,1,1,1,3,0,0,0,0,0,0,1
120,1,1,1,3,1,1,2,1,0,0,0,0,0,0,2
121,1,1,1,3,1,1,2,2,0,0,0,0,0,0,2
122,1,1,1,3,1,1,2,3,0,0,0,0,0,0,2
123,1,1,1,3,1,1,3,1,0,0,0,0,0,0,3
124,1,1,1,3,1,1,3,2,0,0,0,0,0,0,1
125,1,1,1,3,1,1,3,3,0,0,0,0,0,0,3
126,1,1,1,3,3,1,1,1,0,0,0,0,0,0,7
127,1,1,1,3,3,1,1,2,0,0,0,0,0,0,2
128,1,1,1,3,3,1,1,3,0,0,0,0,0,0,7
129,1,1,1,3,3,1,2,1,0,0,0,0,0,0,2
130,1,1,1,3,3,1,2,2,0,0,0,0,0,0,2
131,1,1,1,3,3,1,2,3,0,0,0,0,0,0,2
132,1,1,1,3,3,1,3,1,0,0,0,0,0,0,7
133,1,1,1,3,3,1,3,2,0,0,0,0,0,0,7
134,1,1,1,3,3,1,3,3,0,0,0,0,0,0,7
135,1,1,1,3,3,2,1,1,0,0,0,0,0,0,7
136,1,1,1,3,3,2,1,2,0,0,0,0,0,0,2
137,1,1,1,3,3,2,1,3,0,0,0,0,0,0,7
138,1,1,1,3,3,2,2,1,0,0,0,0,0,0,2
139,1,1,1,3,3,2,2,2,0,0,0,0,0,0,2
140,1,1,1,3,3,2,2,3,0,0,0,0,0,0,2
141,1,1,1,3,3,2,3,1,0,0,0,0,0,0,7
142,1,1,1,3,3,2,3,2,0,0,0,0,0,0,7
143,1,1,1,3,3,2,3,3,0,0,0,0,0,0,7
144,1,1,1,3,3,3,1,1,0,0,0,0,0,0,6
145,1,1,1,3,3,3,1,2,0,0,0,0,0,0,6
146,1,1,1,3,3,3,1,3,0,0,0,0,0,0,6
147,1,1,1,3,3,3,2,1,0,0,0,0,0,0,2
148,1,1,1,3,3,3,2,2,0,0,0,0,0,0,2
149,1,1,1,3,3,3,2,3,0,0,0,0,0,0,2
150,1,1,1,3,3,3,3,1,0,0,0,0,0,0,6
151,1,1,1,3,3,3,3,2,0,0,0,0,0,0,6
152,1,1,1,3,3,3,3,3,0,0,0,0,0,0,6
153,1,1,2,1,1,1,1,1,0,0,0,0,0,0,5
154,1,1,2,1,1,1,1,2,0,0,0,0,0,0,2
155,1,1,2,1,1,1,1,3,0,0,0,0,0,0,5
156,1,1,2,1,1,1,2,1,0,0,0,0,0,0,2
157,1,1,2,1,1,1,2,2,0,0,0,0,0,0,2
158,1,1,2,1,1,1,2,3,0,0,0,0,0,0,2
159,1,1,2,1,1,1,3,1,0,0,0,0,0,0,5
160,1,1,2,1,1,1,3,2,0,0,0,0,0,0,5
161,1,1,2,1,1,1,3,3,0,0,0,0,0,0,5
162,1,1,2,2,1,1,1,1,0,0,0,0,0,0,5
163,1,1,2,2,1,1,1,2,0,0,0,0,0,0,2
164,1,1,2,2,1,1,1,3,0,0,0,0,0,0,5
165,1,1,2,2,1,1,2,1,0,0,0,0,0,0,2
166,1,1,2,2,1,1,2,2,0,0,0,0,0,0,2
167,1,1,2,2,1,1,2,3,0,0,0,0,0,0,2
168,1,1,2,2,1,1,3,1,0,0,0,0,0,0,5
169,1,1,2,2,1,1,3,2,0,0,0,0,0,0,5
170,1,1,2,2,1,1,3,3,0,0,0,0,0,0,5
171,1,1,2,2,2,1,1,1,0,0,0,0,0,0,5
172,1,1,2,2,2,1,1,2,0,0,0,0,0,0,5
173,1,1,2,2,2,1,1,3,0,0,0,0,0,0,5
174,1,1,2,2,2,1,2,1,0,0,0,0,0,0,2
175,1,1,2,2,2,1,2,2,0,0,0,0,0,0,2
176,1,1,2,2,2,1,2,3,0,0,0,0,0,0,2
177,1,1,2,2,2,1,3,1,0,0,0,0,0,0,5
178,1,1,2,2,2,1,3,2,0,0,0,0,0,0,5
179,1,1,2,2,2,1,3,3,0,0,0,0,0,0,5
180,1,1,2,2,2,2,1,1,0,0,0,0,0,0,4
181,1,1,2,2,2,2,1,2,0,0,0,0,0,0,4
182,1,1,2,2,2,2,1,3,0,0,0,0,0,0,4
183,1,1,2,2,2,2,2,1,0,0,0,0,0,0,2
184,1,1,2,2,2,2,2,2,0,0,0,0,0,0,2
185,1,1,2,2,2,2,2,3,0,0,0,0,0,0,2
186,1,1,2,2,2,2,3,1,0,0,0,0,0,0,4
187,1,1,2,2,2,2,3,2,0,0,0,0,0,0,4
188,1,1,2,2,2,2,3,3,0,0,0,0,0,0,4
189,1,1,2,2,2,3,1,1,0,0,0,0,0,0,5
190,1,1,2,2,2,3,1,2,0,0,0,0,0,0,5
191,1,1,2,2,2,3,1,3,0,0,0,0,0,0,5
192,1,1,2,2,2,3,2,1,0,0,0,0,0,0,2
193,1,1,2,2,2,3,2,2,0,0,0,0,0,0,2
194,1,1,2,2,2,3,2,3,0,0,0,0,0,0,2
195,1,1,2,2,2,3,3,1,0,0,0,0,0,0,5
196,1,1,2,2,2,3,3,2,0,0,0,0,0,0,5
197,1,1,2,2,2,3,3,3,0,0,0,0,0,0,5
198,1,1,2,2,3,3,1,1,0,0,0,0,0,0,5
199,1,1,2,2,3,3,1,2,0,0,0,0,0,0,2
200,1,1,2,2,3,3,1,3,0,0,0,0,0,0,5
201,1,1,2,2,3,3,2,1,0,0,0,0,0,0,2
202,1,1,2,2,3,3,2,2,0,0,0,0,0,0,2
203,1,1,2,2,3,3,2,3,0,0,0,0,0,0,2
204,1,1,2,2,3,3,3,1,0,0,0,0,0,0,5
205,1,1,2,2,3,3,3,2,0,0,0,0,0,0,5
206,1,1,2,2,3,3,3,3,0,0,0,0,0,0,5
207,1,1,3,1,1,1,1,1,0,0,0,0,0,0,1
208,1,1,3,1,1,1,1,2,0,0,0,0,0,0,2
209,1,1,3,1,1,1,1,3,0,0,0,0,0,0,1
210,1,1,3,1,1,1,2,1,0,0,0,0,0,0,2
211,1,1,3,1,1,1,2,2,0,0,0,0,0,0,2
212,1,1,3,1,1,1,2,3,0,0,0,0,0,0,2
213,1,1,3,1,1,1,3,1,0,0,0,0,0,0,3
214,1,1,3,1,1,1,3,2,0,0,0,0,0,0,1
215,1,1,3,1,1,1,3,3,0,0,0,0,0,0,3
216,1,1,3,3,1,1,1,1,0,0,0,0,0,0,7
217,1,1,3,3,1,1,1,2,0,0,0,0,0,0,7
218,1,1,3,3,1,1,1,3,0,0,0,0,0,0,7
219,1,1,3,3,1,1,2,1,0,0,0,0,0,0,7
220,1,1,3,3,1,1,2,2,0,0,0,0,0,0,7
221,1,1,3,3,1,1,2,3,0,0,0,0,0,0,7
222,1,1,3,3,1,1,3,1,0,0,0,0,0,0,7
223,1,1,3,3,1,1,3,2,0,0,0,0,0,0,7
224,1,1,3,3,1,1,3,3,0,0,0,0,0,0,7
225,1,1,3,3,3,1,1,1,0,0,0,0,0,0,7
226,1,1,3,3,3,1,1,2,0,0,0,0,0,0,7
227,1,1,3,3,3,1,1,3,0,0,0,0,0,0,7
228,1,1,3,3,3,1,2,1,0,0,0,0,0,0,2
229,1,1,3,3,3,1,2,2,0,0,0,0,0,0,2
230,1,1,3,3,3,1,2,3,0,0,0,0,0,0,2
231,1,1,3,3,3,1,3,1,0,0,0,0,0,0,7
232,1,1,3,3,3,1,3,2,0,0,0,0,0,0,7
233,1,1,3,3,3,1,3,3,0,0,0,0,0,0,7
234,1,1,3,3,3,2,1,1,0,0,0,0,0,0,7
235,1,1,3,3,3,2,1,2,0,0,0,0,0,0,7
236,1,1,3,3,3,2,1,3,0,0,0,0,0,0,7
237,1,1,3,3,3,2,2,1,0,0,0,0,0,0,2
238,1,1,3,3,3,2,2,2,0,0,0,0,0,0,2
239,1,1,3,3,3,2,2,3,0,0,0,0,0,0,2
240,1,1,3,3,3,2,3,1,0,0,0,0,0,0,7
241,1,1,3,3,3,2,3,2,0,0,0,0,0,0,7
242,1,1,3,3,3,2,3,3,0,0,0,0,0,0,7
243,1,1,3,3,3,3,1,1,0,0,0,0,0,0,6
244,1,1,3,3,3,3,1,2,0,0,0,0,0,0,6
245,1,1,3,3,3,3,1,3,0,0,0,0,0,0,6
246,1,1,3,3,3,3,2,1,0,0,0,0,0,0,2
247,1,1,3,3,3,3,2,2,0,0,0,0,0,0,2
248,1,1,3,3,3,3,2,3,0,0,0,0,0,0,2
249,1,1,3,3,3,3,3,1,0,0,0,0,0,0,6
250,1,1,3,3,3,3,3,2,0,0,0,0,0,0,6
251,1,1,3,3,3,3,3,3,0,0,0,0,0,0,6
252,1,2,1,1,1,1,1,1,0,0,0,0,0,0,6
253,1,2,1,1,1,1,1,2,0,0,0,0,0,0,2
254,1,2,1,1,1,1,1,3,0,0,0,0,0,0,6
255,1,2,1,1,1,1,2,1,0,0,0,0,0,0,2
256,1,2,1,1,1,1,2,2,0,0,0,0,0,0,2
257,1,2,1,1,1,1,2,3,0,0,0,0,0,0,2
258,1,2,1,1,1,1,3,1,0,0,0,0,0,0,1
259,1,2,1,1,1,1,3,2,0,0,0,0,0,0,1
260,1,2,1,1,1,1,3,3,0,0,0,0,0,0,1
261,1,2,2,1,1,1,1,1,0,0,0,0,0,0,5
262,1,2,2,1,1,1,1,2,0,0,0,0,0,0,2
263,1,2,2,1,1,1,1,3,0,0,0,0,0,0,5
264,1,2,2,1,1,1,2,1,0,0,0,0,0,0,2
265,1,2,2,1,1,1,2,2,0,0,0,0,0,0,2
266,1,2,2,1,1,1,2,3,0,0,0,0,0,0,2
267,1,2,2,1,1,1,3,1,0,0,0,0,0,0,5
268,1,2,2,1,1,1,3,2,0,0,0,0,0,0,5
269,1,2,2,1,1,1,3,3,0,0,0,0,0,0,5
270,1,2,2,2,1,1,1,1,0,0,0,0,0,0,5
271,1,2,2,2,1,1,1,2,0,0,0,0,0,0,5
272,1,2,2,2,1,1,1,3,0,0,0,0,0,0,5
273,1,2,2,2,1,1,2,1,0,0,0,0,0,0,2
274,1,2,2,2,1,1,2,2,0,0,0,0,0,0,2
275,1,2,2,2,1,1,2,3,0,0,0,0,0,0,2
276,1,2,2,2,1,1,3,1,0,0,0,0,0,0,5
277,1,2,2,2,1,1,3,2,0,0,0,0,0,0,5
278,1,2,2,2,1,1,3,3,0,0,0,0,0,0,5
279,1,2,2,2,2,1,1,1,0,0,0,0,0,0,5
280,1,2,2,2,2,1,1,2,0,0,0,0,0,0,5
281,1,2,2,2,2,1,1,3,0,0,0,0,0,0,5
282,1,2,2,2,2,1,2,1,0,0,0,0,0,0,2
283,1,2,2,2,2,1,2,2,0,0,0,0,0,0,2
284,1,2,2,2,2,1,2,3,0,0,0,0,0,0,2
285,1,2,2,2,2,1,3,1,0,0,0,0,0,0,5
286,1,2,2,2,2,1,3,2,0,0,0,0,0,0,5
287,1,2,2,2,2,1,3,3,0,0,0,0,0,0,5
288,1,2,2,2,2,2,1,1,0,0,0,0,0,0,3
289,1,2,2,2,2,2,1,2,0,0,0,0,0,0,3
290,1,2,2,2,2,2,1,3,0,0,0,0,0,0,3
291,1,2,2,2,2,2,2,1,0,0,0,0,0,0,3
292,1,2,2,2,2,2,2,2,0,0,0,0,0,0,3
293,1,2,2,2,2,2,2,3,0,0,0,0,0,0,3
294,1,2,2,2,2,2,3,1,0,0,0,0,0,0,3
295,1,2,2,2,2,2,3,2,0,0,0,0,0,0,3
296,1,2,2,2,2,2,3,3,0,0,0,0,0,0,3
297,1,2,2,2,2,3,1,1,0,0,0,0,0,0,5
298,1,2,2,2,2,3,1,2,0,0,0,0,0,0,5
299,1,2,2,2,2,3,1,3,0,0,0,0,0,0,5
300,1,2,2,2,2,3,2,1,0,0,0,0,0,0,2
301,1,2,2,2,2,3,2,2,0,0,0,0,0,0,2
302,1,2,2,2,2,3,2,3,0,0,0,0,0,0,2
303,1,2,2,2,2,3,3,1,0,0,0,0,0,0,5
304,1,2,2,2,2,3,3,2,0,0,0,0,0,0,5
305,1,2,2,2,2,3,3,3,0,0,0,0,0,0,5
306,1,3,1,1,1,1,1,1,0,0,0,0,0,0,1
307,1,3,1,1,1,1,1,2,0,0,0,0,0,0,2
308,1,3,1,1,1,1,1,3,0,0,0,0,0,0,1
309,1,3,1,1,1,1,2,1,0,0,0,0,0,0,2
310,1,3,1,1,1,1,2,2,0,0,0,0,0,0,2
311,1,3,1,1,1,1,2,3,0,0,0,0,0,0,2
312,1,3,1,1,1,1,3,1,0,0,0,0,0,0,3
313,1,3,1,1,1,1,3,2,0,0,0,0,0,0,1
314,1,3,1,1,1,1,3,3,0,0,0,0,0,0,3
315,1,3,3,1,1,1,1,1,0,0,0,0,0,0,7
316,1,3,3,1,1,1,1,2,0,0,0,0,0,0,2
317,1,3,3,1,1,1,1,3,0,0,0,0,0,0,7
318,1,3,3,1,1,1,2,1,0,0,0,0,0,0,2
319,1,3,3,1,1,1,2,2,0,0,0,0,0,0,2
320,1,3,3,1,1,1,2,3,0,0,0,0,0,0,2
321,1,3,3,1,1,1,3,1,0,0,0,0,0,0,7
322,1,3,3,1,1,1,3,2,0,0,0,0,0,0,7
323,1,3,3,1,1,1,3,3,0,0,0,0,0,0,7
324,1,3,3,3,1,1,1,1,0,0,0,0,0,0,7
325,1,3,3,3,1,1,1,2,0,0,0,0,0,0,7
326,1,3,3,3,1,1,1,3,0,0,0,0,0,0,7
327,1,3,3,3,1,1,2,1,0,0,0,0,0,0,2
328,1,3,3,3,1,1,2,2,0,0,0,0,0,0,2
329,1,3,3,3,1,1,2,3,0,0,0,0,0,0,2
330,1,3,3,3,1,1,3,1,0,0,0,0,0,0,7
331,1,3,3,3,1,1,3,2,0,0,0,0,0,0,7
332,1,3,3,3,1,1,3,3,0,0,0,0,0,0,7
333,1,3,3,3,3,1,1,1,0,0,0,0,0,0,7
334,1,3,3,3,3,1,1,2,0,0,0,0,0,0,7
335,1,3,3,3,3,1,1,3,0,0,0,0,0,0,7
336,1,3,3,3,3,1,2,1,0,0,0,0,0,0,2
337,1,3,3,3,3,1,2,2,0,0,0,0,0,0,2
338,1,3,3,3,3,1,2,3,0,0,0,0,0,0,2
339,1,3,3,3,3,1,3,1,0,0,0,0,0,0,7
340,1,3,3,3,3,1,3,2,0,0,0,0,0,0,7
341,1,3,3,3,3,1,3,3,0,0,0,0,0,0,7
342,1,3,3,3,3,2,1,1,0,0,0,0,0,0,7
343,1,3,3,3,3,2,1,2,0,0,0,0,0,0,7
344,1,3,3,3,3,2,1,3,0,0,0,0,0,0,7
345,1,3,3,3,3,2,2,1,0,0,0,0,0,0,2
346,1,3,3,3,3,2,2,2,0,0,0,0,0,0,2
347,1,3,3,3,3,2,2,3,0,0,0,0,0,0,2
348,1,3,3,3,3,2,3,1,0,0,0,0,0,0,7
349,1,3,3,3,3,2,3,2,0,0,0,0,0,0,7
350,1,3,3,3,3,2,3,3,0,0,0,0,0,0,7
351,1,3,3,3,3,3,1,1,0,0,0,0,0,0,2
352,1,3,3,3,3,3,1,2,0,0,0,0,0,0,2
353,1,3,3,3,3,3,1,3,0,0,0,0,0,0,2
354,1,3,3,3,3,3,2,1,0,0,0,0,0,0,2
355,1,3,3,3,3,3,2,2,0,0,0,0,0,0,2
356,1,3,3,3,3,3,2,3,0,0,0,0,0,0,2
357,1,3,3,3,3,3,3,1,0,0,0,0,0,0,2
358,1,3,3,3,3,3,3,2,0,0,0,0,0,0,2
359,1,3,3,3,3,3,3,3,0,0,0,0,0,0,2
360,2,1,1,1,1,1,1,1,0,0,0,0,0,0,6
361,2,1,1,1,1,1,1,2,0,0,0,0,0,0,2
362,2,1,1,1,1,1,1,3,0,0,0,0,0,0,6
363,2,1,1,1,1,1,2,1,0,0,0,0,0,0,2
364,2,1,1,1,1,1,2,2,0,0,0,0,0,0,2
365,2,1,1,1,1,1,2,3,0,0,0,0,0,0,2
366,2,1,1,1,1,1,3,1,0,0,0,0,0,0,1
367,2,1,1,1,1,1,3,2,0,0,0,0,0,0,1
368,2,1,1,1,1,1,3,3,0,0,0,0,0,0,1
369,2,2,1,1,1,1,1,1,0,0,0,0,0,0,6
370,2,2,1,1,1,1,1,2,0,0,0,0,0,0,2
371,2,2,1,1,1,1,1,3,0,0,0,0,0,0,6
372,2,2,1,1,1,1,2,1,0,0,0,0,0,0,2
373,2,2,1,1,1,1,2,2,0,0,0,0,0,0,2
374,2,2,1,1,1,1,2,3,0,0,0,0,0,0,2
375,2,2,1,1,1,1,3,1,0,0,0,0,0,0,1
376,2,2,1,1,1,1,3,2,0,0,0,0,0,0,1
377,2,2,1,1,1,1,3,3,0,0,0,0,0,0,1
378,2,2,2,1,1,1,1,1,0,0,0,0,0,0,6
379,2,2,2,1,1,1,1,2,0,0,0,0,0,0,6
380,2,2,2,1,1,1,1,3,0,0,0,0,0,0,6
381,2,2,2,1,1,1,2,1,0,0,0,0,0,0,2
382,2,2,2,1,1,1,2,2,0,0,0,0,0,0,2
383,2,2,2,1,1,1,2,3,0,0,0,0,0,0,6
384,2,2,2,1,1,1,3,1,0,0,0,0,0,0,6
385,2,2,2,1,1,1,3,2,0,0,0,0,0,0,6
386,2,2,2,1,1,1,3,3,0,0,0,0,0,0,6
387,2,2,2,2,1,1,1,1,0,0,0,0,0,0,6
388,2,2,2,2,1,1,1,2,0,0,0,0,0,0,6
389,2,2,2,2,1,1,1,3,0,0,0,0,0,0,6
390,2,2,2,2,1,1,2,1,0,0,0,0,0,0,2
391,2,2,2,2,1,1,2,2,0,0,0,0,0,0,2
392,2,2,2,2,1,1,2,3,0,0,0,0,0,0,6
393,2,2,2,2,1,1,3,1,0,0,0,0,0,0,6
394,2,2,2,2,1,1,3,2,0,0,0,0,0,0,6
395,2,2,2,2,1,1,3,3,0,0,0,0,0,0,6
396,2,2,2,2,2,1,1,1,0,0,0,0,0,0,3
397,2,2,2,2,2,1,1,2,0,0,0,0,0,0,3
398,2,2,2,2,2,1,1,3,0,0,0,0,0,0,3
399,2,2,2,2,2,1,2,1,0,0,0,0,0,0,3
400,2,2,2,2,2,1,2,2,0,0,0,0,0,0,3
401,2,2,2,2,2,1,2,3,0,0,0,0,0,0,3
402,2,2,2,2,2,1,3,1,0,0,0,0,0,0,3
403,2,2,2,2,2,1,3,2,0,0,0,0,0,0,3
404,2,2,2,2,2,1,3,3,0,0,0,0,0,0,3
405,2,2,2,2,2,2,1,1,0,0,0,0,0,0,3
406,2,2,2,2,2,2,1,2,0,0,0,0,0,0,3
407,2,2,2,2,2,2,1,3,0,0,0,0,0,0,3
408,2,2,2,2,2,2,2,1,0,0,0,0,0,0,3
409,2,2,2,2,2,2,2,2,0,0,0,0,0,0,3
410,2,2,2,2,2,2,2,3,0,0,0,0,0,0,3
411,2,2,2,2,2,2,3,1,0,0,0,0,0,0,3
412,2,2,2,2,2,2,3,2,0,0,0,0,0,0,3
413,2,2,2,2,2,2,3,3,0,0,0,0,0,0,3
414,2,2,2,2,2,3,1,1,0,0,0,0,0,0,3
415,2,2,2,2,2,3,1,2,0,0,0,0,0,0,3
416,2,2,2,2,2,3,1,3,0,0,0,0,0,0,3
417,2,2,2,2,2,3,2,1,0,0,0,0,0,0,3
418,2,2,2,2,2,3,2,2,0,0,0,0,0,0,3
419,2,2,2,2,2,3,2,3,0,0,0,0,0,0,3
420,2,2,2,2,2,3,3,1,0,0,0,0,0,0,3
421,2,2,2,2,2,3,3,2,0,0,0,0,0,0,3
422,2,2,2,2,2,3,3,3,0,0,0,0,0,0,3
423,2,2,2,3,3,3,1,1,0,0,0,0,0,0,6
424,2,2,2,3,3,3,1,2,0,0,0,0,0,0,6
425,2,2,2,3,3,3,1,3,0,0,0,0,0,0,6
426,2,2,2,3,3,3,2,1,0,0,0,0,0,0,2
427,2,2,2,3,3,3,2,2,0,0,0,0,0,0,2
428,2,2,2,3,3,3,2,3,0,0,0,0,0,0,6
429,2,2,2,3,3,3,3,1,0,0,0,0,0,0,6
430,2,2,2,3,3,3,3,2,0,0,0,0,0,0,6
431,2,2,2,3,3,3,3,3,0,0,0,0,0,0,6
432,2,2,3,3,3,3,1,1,0,0,0,0,0,0,6
433,2,2,3,3,3,3,1,2,0,0,0,0,0,0,2
434,2,2,3,3,3,3,1,3,0,0,0,0,0,0,6
435,2,2,3,3,3,3,2,1,0,0,0,0,0,0,2
436,2,2,3,3,3,3,2,2,0,0,0,0,0,0,2
437,2,2,3,3,3,3,2,3,0,0,0,0,0,0,2
438,2,2,3,3,3,3,3,1,0,0,0,0,0,0,1
439,2,2,3,3,3,3,3,2,0,0,0,0,0,0,1
440,2,2,3,3,3,3,3,3,0,0,0,0,0,0,1
441,2,3,1,1,1,1,1,1,0,0,0,0,0,0,1
442,2,3,1,1,1,1,1,2,0,0,0,0,0,0,2
443,2,3,1,1,1,1,1,3,0,0,0,0,0,0,1
444,2,3,1,1,1,1,2,1,0,0,0,0,0,0,2
445,2,3,1,1,1,1,2,2,0,0,0,0,0,0,2
446,2,3,1,1,1,1,2,3,0,0,0,0,0,0,2
447,2,3,1,1,1,1,3,1,0,0,0,0,0,0,3
448,2,3,1,1,1,1,3,2,0,0,0,0,0,0,1
449,2,3,1,1,1,1,3,3,0,0,0,0,0,0,3
450,2,3,3,1,1,1,1,1,0,0,0,0,0,0,7
451,2,3,3,1,1,1,1,2,0,0,0,0,0,0,2
452,2,3,3,1,1,1,1,3,0,0,0,0,0,0,7
453,2,3,3,1,1,1,2,1,0,0,0,0,0,0,2
454,2,3,3,1,1,1,2,2,0,0,0,0,0,0,2
455,2,3,3,1,1,1,2,3,0,0,0,0,0,0,2
456,2,3,3,1,1,1,3,1,0,0,0,0,0,0,7
457,2,3,3,1,1,1,3,2,0,0,0,0,0,0,7
458,2,3,3,1,1,1,3,3,0,0,0,0,0,0,7
459,2,3,3,3,1,1,1,1,0,0,0,0,0,0,7
460,2,3,3,3,1,1,1,2,0,0,0,0,0,0,7
461,2,3,3,3,1,1,1,3,0,0,0,0,0,0,7
462,2,3,3,3,1,1,2,1,0,0,0,0,0,0,2
463,2,3,3,3,1,1,2,2,0,0,0,0,0,0,2
464,2,3,3,3,1,1,2,3,0,0,0,0,0,0,2
465,2,3,3,3,1,1,3,1,0,0,0,0,0,0,7
466,2,3,3,3,1,1,3,2,0,0,0,0,0,0,7
467,2,3,3,3,1,1,3,3,0,0,0,0,0,0,7
468,2,3,3,3,3,1,1,1,0,0,0,0,0,0,7
469,2,3,3,3,3,1,1,2,0,0,0,0,0,0,7
470,2,3,3,3,3,1,1,3,0,0,0,0,0,0,7
471,2,3,3,3,3,1,2,1,0,0,0,0,0,0,2
472,2,3,3,3,3,1,2,2,0,0,0,0,0,0,2
473,2,3,3,3,3,1,2,3,0,0,0,0,0,0,2
474,2,3,3,3,3,1,3,1,0,0,0,0,0,0,7
475,2,3,3,3,3,1,3,2,0,0,0,0,0,0,7
476,2,3,3,3,3,1,3,3,0,0,0,0,0,0,7
477,3,1,1,1,1,1,1,1,0,0,0,0,0,0,1
478,3,1,1,1,1,1,1,2,0,0,0,0,0,0,2
479,3,1,1,1,1,1,1,3,0,0,0,0,0,0,1
480,3,1,1,1,1,1,2,1,0,0,0,0,0,0,2
481,3,1,1,1,1,1,2,2,0,0,0,0,0,0,2
482,3,1,1,1,1,1,2,3,0,0,0,0,0,0,2
483,3,1,1,1,1,1,3,1,0,0,0,0,0,0,3
484,3,1,1,1,1,1,3,2,0,0,0,0,0,0,1
485,3,1,1,1,1,1,3,3,0,0,0,0,0,0,3
486,3,2,2,1,1,1,1,1,0,0,0,0,0,0,5
487,3,2,2,1,1,1,1,2,0,0,0,0,0,0,2
488,3,2,2,1,1,1,1,3,0,0,0,0,0,0,5
489,3,2,2,1,1,1,2,1,0,0,0,0,0,0,2
490,3,2,2,1,1,1,2,2,0,0,0,0,0,0,2
491,3,2,2,1,1,1,2,3,0,0,0,0,0,0,2
492,3,2,2,1,1,1,3,1,0,0,0,0,0,0,5
493,3,2,2,1,1,1,3,2,0,0,0,0,0,0,5
494,3,2,2,1,1,1,3,3,0,0,0,0,0,0,5
495,3,2,2,2,1,1,1,1,0,0,0,0,0,0,5
496,3,2,2,2,1,1,1,2,0,0,0,0,0,0,5
497,3,2,2,2,1,1,1,3,0,0,0,0,0,0,5
498,3,2,2,2,1,1,2,1,0,0,0,0,0,0,2
499,3,2,2,2,1,1,2,2,0,0,0,0,0,0,2
500,3,2,2,2,1,1,2,3,0,0,0,0,0,0,2
501,3,2,2,2,1,1,3,1,0,0,0,0,0,0,5
502,3,2,2,2,1,1,3,2,0,0,0,0,0,0,5
503,3,2,2,2,1,1,3,3,0,0,0,0,0,0,5
504,3,2,2,2,2,1,1,1,0,0,0,0,0,0,5
505,3,2,2,2,2,1,1,2,0,0,0,0,0,0,5
506,3,2,2,2,2,1,1,3,0,0,0,0,0,0,5
507,3,2,2,2,2,1,2,1,0,0,0,0,0,0,2
508,3,2,2,2,2,1,2,2,0,0,0,0,0,0,2
509,3,2,2,2,2,1,2,3,0,0,0,0,0,0,2
510,3,2,2,2,2,1,3,1,0,0,0,0,0,0,5
511,3,2,2,2,2,1,3,2,0,0,0,0,0,0,5
512,3,2,2,2,2,1,3,3,0,0,0,0,0,0,5
513,3,2,2,2,2,2,1,1,0,0,0,0,0,0,3
514,3,2,2,2,2,2,1,2,0,0,0,0,0,0,3
515,3,2,2,2,2,2,1,3,0,0,0,0,0,0,3
516,3,2,2,2,2,2,2,1,0,0,0,0,0,0,3
517,3,2,2,2,2,2,2,2,0,0,0,0,0,0,3
518,3,2,2,2,2,2,2,3,0,0,0,0,0,0,3
519,3,2,2,2,2,2,3,1,0,0,0,0,0,0,3
520,3,2,2,2,2,2,3,2,0,0,0,0,0,0,3
521,3,2,2,2,2,2,3,3,0,0,0,0,0,0,3
522,3,3,1,1,1,1,1,1,0,0,0,0,0,0,4
523,3,3,1,1,1,1,1,2,0,0,0,0,0,0,2
524,3,3,1,1,1,1,1,3,0,0,0,0,0,0,4
525,3,3,1,1,1,1,2,1,0,0,0,0,0,0,2
526,3,3,1,1,1,1,2,2,0,0,0,0,0,0,2
527,3,3,1,1,1,1,2,3,0,0,0,0,0,0,2
528,3,3,1,1,1,1,3,1,0,0,0,0,0,0,4
529,3,3,1,1,1,1,3,2,0,0,0,0,0,0,4
530,3,3,1,1,1,1,3,3,0,0,0,0,0,0,4
531,3,3,2,2,2,2,1,1,0,0,0,0,0,0,4
532,3,3,2,2,2,2,1,2,0,0,0,0,0,0,2
533,3,3,2,2,2,2,1,3,0,0,0,0,0,0,4
534,3,3,2,2,2,2,2,1,0,0,0,0,0,0,2
535,3,3,2,2,2,2,2,2,0,0,0,0,0,0,2
536,3,3,2,2,2,2,2,3,0,0,0,0,0,0,2
537,3,3,2,2,2,2,3,1,0,0,0,0,0,0,4
538,3,3,2,2,2,2,3,2,0,0,0,0,0,0,4
539,3,3,2,2,2,2,3,3,0,0,0,0,0,0,4
540,3,3,3,1,1,1,1,1,0,0,0,0,0,0,4
541,3,3,3,1,1,1,1,2,0,0,0,0,0,0,4
542,3,3,3,1,1,1,1,3,0,0,0,0,0,0,4
543,3,3,3,1,1,1,2,1,0,0,0,0,0,0,2
544,3,3,3,1,1,1,2,2,0,0,0,0,0,0,2
545,3,3,3,1,1,1,2,3,0,0,0,0,0,0,2
546,3,3,3,1,1,1,3,1,0,0,0,0,0,0,4
547,3,3,3,1,1,1,3,2,0,0,0,0,0,0,4
548,3,3,3,1,1,1,3,3,0,0,0,0,0,0,4
549,3,3,3,2,2,2,1,1,0,0,0,0,0,0,4
550,3,3,3,2,2,2,1,2,0,0,0,0,0,0,4
551,3,3,3,2,2,2,1,3,0,0,0,0,0,0,4
552,3,3,3,2,2,2,2,1,0,0,0,0,0,0,2
553,3,3,3,2,2,2,2,2,0,0,0,0,0,0,2
554,3,3,3,2,2,2,2,3,0,0,0,0,0,0,2
555,3,3,3,2,2,2,3,1,0,0,0,0,0,0,4
556,3,3,3,2,2,2,3,2,0,0,0,0,0,0,4
557,3,3,3,2,2,2,3,3,0,0,0,0,0,0,4
558,3,3,3,3,1,1,1,1,0,0,0,0,0,0,4
559,3,3,3,3,1,1,1,2,0,0,0,0,0,0,4
560,3,3,3,3,1,1,1,3,0,0,0,0,0,0,4
561,3,3,3,3,1,1,2,1,0,0,0,0,0,0,2
562,3,3,3,3,1,1,2,2,0,0,0,0,0,0,2
563,3,3,3,3,1,1,2,3,0,0,0,0,0,0,2
564,3,3,3,3,1,1,3,1,0,0,0,0,0,0,4
565,3,3,3,3,1,1,3,2,0,0,0,0,0,0,4
566,3,3,3,3,1,1,3,3,0,0,0,0,0,0,4
567,3,3,3,3,2,2,1,1,0,0,0,0,0,0,4
568,3,3,3,3,2,2,1,2,0,0,0,0,0,0,4
569,3,3,3,3,2,2,1,3,0,0,0,0,0,0,4
570,3,3,3,3,2,2,2,1,0,0,0,0,0,0,2
571,3,3,3,3,2,2,2,2,0,0,0,0,0,0,2
572,3,3,3,3,2,2,2,3,0,0,0,0,0,0,2
573,3,3,3,3,2,2,3,1,0,0,0,0,0,0,4
574,3,3,3,3,2,2,3,2,0,0,0,0,0,0,4
575,3,3,3,3,2,2,3,3,0,0,0,0,0,0,4
576,3,3,3,3,3,1,1,1,0,0,0,0,0,0,2
577,3,3,3,3,3,1,1,2,0,0,0,0,0,0,2
578,3,3,3,3,3,1,1,3,0,0,0,0,0,0,2
579,3,3,3,3,3,1,2,1,0,0,0,0,0,0,2
580,3,3,3,3,3,1,2,2,0,0,0,0,0,0,2
581,3,3,3,3,3,1,2,3,0,0,0,0,0,0,2
582,3,3,3,3,3,1,3,1,0,0,0,0,0,0,2
583,3,3,3,3,3,1,3,2,0,0,0,0,0,0,2
584,3,3,3,3,3,1,3,3,0,0,0,0,0,0,2
585,3,3,3,3,3,2,1,1,0,0,0,0,0,0,2
586,3,3,3,3,3,2,1,2,0,0,0,0,0,0,2
587,3,3,3,3,3,2,1,3,0,0,0,0,0,0,2
588,3,3,3,3,3,2,2,1,0,0,0,0,0,0,2
589,3,3,3,3,3,2,2,2,0,0,0,0,0,0,2
590,3,3,3,3,3,2,2,3,0,0,0,0,0,0,2
591,3,3,3,3,3,2,3,1,0,0,0,0,0,0,2
592,3,3,3,3,3,2,3,2,0,0,0,0,0,0,2
593,3,3,3,3,3,2,3,3,0,0,0,0,0,0,2
594,3,3,3,3,3,3,1,1,0,0,0,0,0,0,2
595,3,3,3,3,3,3,1,2,0,0,0,0,0,0,2
596,3,3,3,3,3,3,1,3,0,0,0,0,0,0,2
597,3,3,3,3,3,3,2,1,0,0,0,0,0,0,2
598,3,3,3,3,3,3,2,2,0,0,0,0,0,0,2
599,3,3,3,3,3,3,2,3,0,0,0,0,0,0,2
600,3,3,3,3,3,3,3,1,0,0,0,0,0,0,2
601,3,3,3,3,3,3,3,2,0,0,0,0,0,0,2
602,3,3,3,3,3,3,3,3,0,0,0,0,0,0,2
603,1,1,1,1,1,1,1,1,0,0,0,0,0,0,1
604,1,1,1,1,1,1,1,1,0,0,0,0,0,1,10
605,1,1,1,1,1,1,1,1,0,0,0,0,1,0,9
606,1,1,1,1,1,1,1,1,0,0,0,0,1,1,10
607,1,1,1,1,1,1,1,1,0,0,0,1,0,0,9
608,1,1,1,1,1,1,1,1,0,0,0,1,0,1,9
609,1,1,1,1,1,1,1,1,0,0,0,1,1,0,9
610,1,1,1,1,1,1,1,1,0,0,0,1,1,1,10
611,1,1,1,1,1,1,1,1,0,0,1,0,0,0,9
612,1,1,1,1,1,1,1,1,0,0,1,0,0,1,9
613,1,1,1,1,1,1,1,1,0,0,1,0,1,0,9
614,1,1,1,1,1,1,1,1,0,0,1,0,1,1,10
615,1,1,1,1,1,1,1,1,0,0,1,1,0,0,9
616,1,1,1,1,1,1,1,1,0,0,1,1,0,1,9
617,1,1,1,1,1,1,1,1,0,0,1,1,1,0,9
618,1,1,1,1,1,1,1,1,0,0,1,1,1,1,10
619,1,1,1,1,1,1,1,1,0,1,0,0,0,0,9
620,1,1,1,1,1,1,1,1,0,1,0,0,0,1,9
621,1,1,1,1,1,1,1,1,0,1,0,0,1,0,9
622,1,1,1,1,1,1,1,1,0,1,0,0,1,1,10
623,1,1,1,1,1,1,1,1,0,1,0,1,0,0,9
624,1,1,1,1,1,1,1,1,0,1,0,1,0,1,8
625,1,1,1,1,1,1,1,1,0,1,0,1,1,0,9
626,1,1,1,1,1,1,1,1,0,1,0,1,1,1,10
627,1,1,1,1,1,1,1,1,0,1,1,0,0,0,9
628,1,1,1,1,1,1,1,1,0,1,1,0,0,1,9
629,1,1,1,1,1,1,1,1,0,1,1,0,1,0,9
630,1,1,1,1,1,1,1,1,0,1,1,0,1,1,9
631,1,1,1,1,1,1,1,1,0,1,1,1,0,0,9
632,1,1,1,1,1,1,1,1,0,1,1,1,0,1,9
633,1,1,1,1,1,1,1,1,0,1,1,1,1,0,9
634,1,1,1,1,1,1,1,1,0,1,1,1,1,1,10
635,1,1,1,1,1,1,1,1,1,0,0,0,0,0,8
636,1,1,1,1,1,1,1,1,1,0,0,0,0,1,8
637,1,1,1,1,1,1,1,1,1,0,0,0,1,0,8
638,1,1,1,1,1,1,1,1,1,0,0,0,1,1,10
639,1,1,1,1,1,1,1,1,1,0,0,1,0,0,8
640,1,1,1,1,1,1,1,1,1,0,0,1,0,1,8
641,1,1,1,1,1,1,1,1,1,0,0,1,1,0,8
642,1,1,1,1,1,1,1,1,1,0,0,1,1,1,10
643,1,1,1,1,1,1,1,1,1,0,1,0,0,0,8
644,1,1,1,1,1,1,1,1,1,0,1,0,0,1,8
645,1,1,1,1,1,1,1,1,1,0,1,0,1,0,8
646,1,1,1,1,1,1,1,1,1,0,1,0,1,1,10
647,1,1,1,1,1,1,1,1,1,0,1,1,0,0,9
648,1,1,1,1,1,1,1,1,1,0,1,1,0,1,9
649,1,1,1,1,1,1,1,1,1,0,1,1,1,0,9
650,1,1,1,1,1,1,1,1,1,0,1,1,1,1,10
651,1,1,1,1,1,1,1,1,1,1,0,0,0,0,8
652,1,1,1,1,1,1,1,1,1,1,0,0,0,1,8
653,1,1,1,1,1,1,1,1,1,1,0,0,1,0,8
654,1,1,1,1,1,1,1,1,1,1,0,0,1,1,8
655,1,1,1,1,1,1,1,1,1,1,0,1,0,0,8
656,1,1,1,1,1,1,1,1,1,1,0,1,0,1,8
657,1,1,1,1,1,1,1,1,1,1,0,1,1,0,8
658,1,1,1,1,1,1,1,1,1,1,0,1,1,1,10
659,1,1,1,1,1,1,1,1,1,1,1,0,0,0,8
660,1,1,1,1,1,1,1,1,1,1,1,0,0,1,8
661,1,1,1,1,1,1,1,1,1,1,1,0,1,0,8
662,1,1,1,1,1,1,1,1,1,1,1,0,1,1,8
663,1,1,1,1,1,1,1,1,1,1,1,1,0,0,8
664,1,1,1,1,1,1,1,1,1,1,1,1,0,1,8
665,1,1,1,1,1,1,1,1,1,1,1,1,1,0,8
666,1,1,1,1,1,1,1,1,1,1,1,1,1,1,8
667,1,1,1,1,1,1,2,1,0,0,0,0,0,0,2
668,1,1,1,1,1,1,2,1,0,0,0,0,0,1,10
669,1,1,1,1,1,1,2,1,0,0,0,0,1,0,9
670,1,1,1,1,1,1,2,1,0,0,0,0,1,1,10
671,1,1,1,1,1,1,2,1,0,0,0,1,0,0,9
672,1,1,1,1,1,1,2,1,0,0,0,1,0,1,9
673,1,1,1,1,1,1,2,1,0,0,0,1,1,0,9
674,1,1,1,1,1,1,2,1,0,0,0,1,1,1,10
675,1,1,1,1,1,1,2,1,0,0,1,0,0,0,9
676,1,1,1,1,1,1,2,1,0,0,1,0,0,1,9
677,1,1,1,1,1,1,2,1,0,0,1,0,1,0,9
678,1,1,1,1,1,1,2,1,0,0,1,0,1,1,10
679,1,1,1,1,1,1,2,1,0,0,1,1,0,0,9
680,1,1,1,1,1,1,2,1,0,0,1,1,0,1,9
681,1,1,1,1,1,1,2,1,0,0,1,1,1,0,9
682,1,1,1,1,1,1,2,1,0,0,1,1,1,1,10
683,1,1,1,1,1,1,2,1,0,1,0,0,0,0,9
684,1,1,1,1,1,1,2,1,0,1,0,0,0,1,9
685,1,1,1,1,1,1,2,1,0,1,0,0,1,0,9
686,1,1,1,1,1,1,2,1,0,1,0,0,1,1,10
687,1,1,1,1,1,1,2,1,0,1,0,1,0,0,9
688,1,1,1,1,1,1,2,1,0,1,0,1,0,1,8
689,1,1,1,1,1,1,2,1,0,1,0,1,1,0,9
690,1,1,1,1,1,1,2,1,0,1,0,1,1,1,10
691,1,1,1,1,1,1,2,1,0,1,1,0,0,0,9
692,1,1,1,1,1,1,2,1,0,1,1,0,0,1,9
693,1,1,1,1,1,1,2,1,0,1,1,0,1,0,9
694,1,1,1,1,1,1,2,1,0,1,1,0,1,1,9
695,1,1,1,1,1,1,2,1,0,1,1,1,0,0,9
696,1,1,1,1,1,1,2,1,0,1,1,1,0,1,9
697,1,1,1,1,1,1,2,1,0,1,1,1,1,0,9
698,1,1,1,1,1,1,2,1,0,1,1,1,1,1,10
699,1,1,1,1,1,1,2,1,1,0,0,0,0,0,8
700,1,1,1,1,1,1,2,1,1,0,0,0,0,1,8
701,1,1,1,1,1,1,2,1,1,0,0,0,1,0,8
702,1,1,1,1,1,1,2,1,1,0,0,0,1,1,10
703,1,1,1,1,1,1,2,1,1,0,0,1,0,0,8
704,1,1,1,1,1,1,2,1,1,0,0,1,0,1,8
705,1,1,1,1,1,1,2,1,1,0,0,1,1,0,8
706,1,1,1,1,1,1,2,1,1,0,0,1,1,1,10
707,1,1,1,1,1,1,2,1,1,0,1,0,0,0,8
708,1,1,1,1,1,1,2,1,1,0,1,0,0,1,8
709,1,1,1,1,1,1,2,1,1,0,1,0,1,0,8
710,1,1,1,1,1,1,2,1,1,0,1,0,1,1,10
711,1,1,1,1,1,1,2,1,1,0,1,1,0,0,9
712,1,1,1,1,1,1,2,1,1,0,1,1,0,1,9
713,1,1,1,1,1,1,2,1,1,0,1,1,1,0,9
714,1,1,1,1,1,1,2,1,1,0,1,1,1,1,10
715,1,1,1,1,1,1,2,1,1,1,0,0,0,0,8
716,1,1,1,1,1,1,2,1,1,1,0,0,0,1,8
717,1,1,1,1,1,1,2,1,1,1,0,0,1,0,8
718,1,1,1,1,1,1,2,1,1,1,0,0,1,1,8
719,1,1,1,1,1,1,2,1,1,1,0,1,0,0,8
720,1,1,1,1,1,1,2,1,1,1,0,1,0,1,8
721,1,1,1,1,1,1,2,1,1,1,0,1,1,0,8
722,1,1,1,1,1,1,2,1,1,1,0,1,1,1,10
723,1,1,1,1,1,1,2,1,1,1,1,0,0,0,8
724,1,1,1,1,1,1,2,1,1,1,1,0,0,1,8
725,1,1,1,1,1,1,2,1,1,1,1,0,1,0,8
726,1,1,1,1,1,1,2,1,1,1,1,0,1,1,8
727,1,1,1,1,1,1,2,1,1,1,1,1,0,0,8
728,1,1,1,1,1,1,2,1,1,1,1,1,0,1,8
729,1,1,1,1,1,1,2,1,1,1,1,1,1,0,8
730,1,1,1,1,1,1,2,1,1,1,1,1,1,1,8
731,1,1,1,1,1,1,3,3,0,0,0,0,0,0,3
732,1,1,1,1,1,1,3,3,0,0,0,0,0,1,10
733,1,1,1,1,1,1,3,3,0,0,0,0,1,0,9
734,1,1,1,1,1,1,3,3,0,0,0,0,1,1,10
735,1,1,1,1,1,1,3,3,0,0,0,1,0,0,9
736,1,1,1,1,1,1,3,3,0,0,0,1,0,1,9
737,1,1,1,1,1,1,3,3,0,0,0,1,1,0,9
738,1,1,1,1,1,1,3,3,0,0,0,1,1,1,10
739,1,1,1,1,1,1,3,3,0,0,1,0,0,0,9
740,1,1,1,1,1,1,3,3,0,0,1,0,0,1,9
741,1,1,1,1,1,1,3,3,0,0,1,0,1,0,9
742,1,1,1,1,1,1,3,3,0,0,1,0,1,1,10
743,1,1,1,1,1,1,3,3,0,0,1,1,0,0,9
744,1,1,1,1,1,1,3,3,0,0,1,1,0,1,9
745,1,1,1,1,1,1,3,3,0,0,1,1,1,0,9
746,1,1,1,1,1,1,3,3,0,0,1,1,1,1,10
747,1,1,1,1,1,1,3,3,0,1,0,0,0,0,9
748,1,1,1,1,1,1,3,3,0,1,0,0,0,1,9
749,1,1,1,1,1,1,3,3,0,1,0,0,1,0,9
750,1,1,1,1,1,1,3,3,0,1,0,0,1,1,10
751,1,1,1,1,1,1,3,3,0,1,0,1,0,0,9
752,1,1,1,1,1,1,3,3,0,1,0,1,0,1,8
753,1,1,1,1,1,1,3,3,0,1,0,1,1,0,9
754,1,1,1,1,1,1,3,3,0,1,0,1,1,1,10
755,1,1,1,1,1,1,3,3,0,1,1,0,0,0,9
756,1,1,1,1,1,1,3,3,0,1,1,0,0,1,9
757,1,1,1,1,1,1,3,3,0,1,1,0,1,0,9
758,1,1,1,1,1,1,3,3,0,1,1,0,1,1,9
759,1,1,1,1,1,1,3,3,0,1,1,1,0,0,9
760,1,1,1,1,1,1,3,3,0,1,1,1,0,1,9
761,1,1,1,1,1,1,3,3,0,1,1,1,1,0,9
762,1,1,1,1,1,1,3,3,0,1,1,1,1,1,10
763,1,1,1,1,1,1,3,3,1,0,0,0,0,0,8
764,1,1,1,1,1,1,3,3,1,0,0,0,0,1,8
765,1,1,1,1,1,1,3,3,1,0,0,0,1,0,8
766,1,1,1,1,1,1,3,3,1,0,0,0,1,1,10
767,1,1,1,1,1,1,3,3,1,0,0,1,0,0,8
768,1,1,1,1,1,1,3,3,1,0,0,1,0,1,8
769,1,1,1,1,1,1,3,3,1,0,0,1,1,0,8
770,1,1,1,1,1,1,3,3,1,0,0,1,1,1,10
771,1,1,1,1,1,1,3,3,1,0,1,0,0,0,8
772,1,1,1,1,1,1,3,3,1,0,1,0,0,1,8
773,1,1,1,1,1,1,3,3,1,0,1,0,1,0,8
774,1,1,1,1,1,1,3,3,1,0,1,0,1,1,10
775,1,1,1,1,1,1,3,3,1,0,1,1,0,0,9
776,1,1,1,1,1,1,3,3,1,0,1,1,0,1,9
777,1,1,1,1,1,1,3,3,1,0,1,1,1,0,9
778,1,1,1,1,1,1,3,3,1,0,1,1,1,1,10
779,1,1,1,1,1,1,3,3,1,1,0,0,0,0,8
780,1,1,1,1,1,1,3,3,1,1,0,0,0,1,8
781,1,1,1,1,1,1,3,3,1,1,0,0,1,0,8
782,1,1,1,1,1,1,3,3,1,1,0,0,1,1,8
783,1,1,1,1,1,1,3,3,1,1,0,1,0,0,8
784,1,1,1,1,1,1,3,3,1,1,0,1,0,1,8
785,1,1,1,1,1,1,3,3,1,1,0,1,1,0,8
786,1,1,1,1,1,1,3,3,1,1,0,1,1,1,10
787,1,1,1,1,1,1,3,3,1,1,1,0,0,0,8
788,1,1,1,1,1,1,3,3,1,1,1,0,0,1,8
789,1,1,1,1,1,1,3,3,1,1,1,0,1,0,8
790,1,1,1,1,1,1,3,3,1,1,1,0,1,1,8
791,1,1,1,1,1,1,3,3,1,1,1,1,0,0,8
792,1,1,1,1,1,1,3,3,1,1,1,1,0,1,8
793,1,1,1,1,1,1,3,3,1,1,1,1,1,0,8
794,1,1,1,1,1,1,3,3,1,1,1,1,1,1,8
795,2,2,1,1,1,1,1,1,0,0,0,0,0,0,6
796,2,2,1,1,1,1,1,1,0,0,0,0,0,1,10
797,2,2,1,1,1,1,1,1,0,0,0,0,1,0,9
798,2,2,1,1,1,1,1,1,0,0,0,0,1,1,10
799,2,2,1,1,1,1,1,1,0,0,0,1,0,0,9
800,2,2,1,1,1,1,1,1,0,0,0,1,0,1,9
801,2,2,1,1,1,1,1,1,0,0,0,1,1,0,9
802,2,2,1,1,1,1,1,1,0,0,0,1,1,1,10
803,2,2,1,1,1,1,1,1,0,0,1,0,0,0,9
804,2,2,1,1,1,1,1,1,0,0,1,0,0,1,9
805,2,2,1,1,1,1,1,1,0,0,1,0,1,0,9
806,2,2,1,1,1,1,1,1,0,0,1,0,1,1,10
807,2,2,1,1,1,1,1,1,0,0,1,1,0,0,9
808,2,2,1,1,1,1,1,1,0,0,1,1,0,1,9
809,2,2,1,1,1,1,1,1,0,0,1,1,1,0,9
810,2,2,1,1,1,1,1,1,0,0,1,1,1,1,10
811,2,2,1,1,1,1,1,1,0,1,0,0,0,0,9
812,2,2,1,1,1,1,1,1,0,1,0,0,0,1,9
813,2,2,1,1,1,1,1,1,0,1,0,0,1,0,9
814,2,2,1,1,1,1,1,1,0,1,0,0,1,1,10
815,2,2,1,1,1,1,1,1,0,1,0,1,0,0,9
816,2,2,1,1,1,1,1,1,0,1,0,1,0,1,8
817,2,2,1,1,1,1,1,1,0,1,0,1,1,0,9
818,2,2,1,1,1,1,1,1,0,1,0,1,1,1,10
819,2,2,1,1,1,1,1,1,0,1,1,0,0,0,9
820,2,2,1,1,1,1,1,1,0,1,1,0,0,1,9
821,2,2,1,1,1,1,1,1,0,1,1,0,1,0,9
822,2,2,1,1,1,1,1,1,0,1,1,0,1,1,9
823,2,2,1,1,1,1,1,1,0,1,1,1,0,0,9
824,2,2,1,1,1,1,1,1,0,1,1,1,0,1,9
825,2,2,1,1,1,1,1,1,0,1,1,1,1,0,9
826,2,2,1,1,1,1,1,1,0,1,1,1,1,1,10
827,2,2,1,1,1,1,1,1,1,0,0,0,0,0,8
828,2,2,1,1,1,1,1,1,1,0,0,0,0,1,8
829,2,2,1,1,1,1,1,1,1,0,0,0,1,0,8
830,2,2,1,1,1,1,1,1,1,0,0,0,1,1,10
831,2,2,1,1,1,1,1,1,1,0,0,1,0,0,8
832,2,2,1,1,1,1,1,1,1,0,0,1,0,1,8
833,2,2,1,1,1,1,1,1,1,0,0,1,1,0,8
834,2,2,1,1,1,1,1,1,1,0,0,1,1,1,10
835,2,2,1,1,1,1,1,1,1,0,1,0,0,0,8
836,2,2,1,1,1,1,1,1,1,0,1,0,0,1,8
837,2,2,1,1,1,1,1,1,1,0,1,0,1,0,8
838,2,2,1,1,1,1,1,1,1,0,1,0,1,1,10
839,2,2,1,1,1,1,1,1,1,0,1,1,0,0,9
840,2,2,1,1,1,1,1,1,1,0,1,1,0,1,9
841,2,2,1,1,1,1,1,1,1,0,1,1,1,0,9
842,2,2,1,1,1,1,1,1,1,0,1,1,1,1,10
843,2,2,1,1,1,1,1,1,1,1,0,0,0,0,8
844,2,2,1,1,1,1,1,1,1,1,0,0,0,1,8
845,2,2,1,1,1,1,1,1,1,1,0,0,1,0,8
846,2,2,1,1,1,1,1,1,1,1,0,0,1,1,8
847,2,2,1,1,1,1,1,1,1,1,0,1,0,0,8
848,2,2,1,1,1,1,1,1,1,1,0,1,0,1,8
849,2,2,1,1,1,1,1,1,1,1,0,1,1,0,8
850,2,2,1,1,1,1,1,1,1,1,0,1,1,1,10
851,2,2,1,1,1,1,1,1,1,1,1,0,0,0,8
852,2,2,1,1,1,1,1,1,1,1,1,0,0,1,8
853,2,2,1,1,1,1,1,1,1,1,1,0,1,0,8
854,2,2,1,1,1,1,1,1,1,1,1,0,1,1,8
855,2,2,1,1,1,1,1,1,1,1,1,1,0,0,8
856,2,2,1,1,1,1,1,1,1,1,1,1,0,1,8
857,2,2,1,1,1,1,1,1,1,1,1,1,1,0,8
858,2,2,1,1,1,1,1,1,1,1,1,1,1,1,8
859,1,1,1,2,3,3,1,1,0,0,0,0,0,0,5
860,1,1,1,2,3,3,1,2,0,0,0,0,0,0,2
861,1,1,1,2,3,3,1,3,0,0,0,0,0,0,5
862,1,1,1,2,3,3,2,1,0,0,0,0,0,0,2
863,1,1,1,2,3,3,2,2,0,0,0,0,0,0,2
864,1,1,1,2,3,3,2,3,0,0,0,0,0,0,2
865,1,1,1,2,3,3,3,1,0,0,0,0,0,0,5
866,1,1,1,2,3,3,3,2,0,0,0,0,0,0,5
867,1,1,1,2,3,3,3,3,0,0,0,0,0,0,5
868,1,1,1,3,2,2,1,1,0,0,0,0,0,0,7
869,1,1,1,3,2,2,1,2,0,0,0,0,0,0,2
870,1,1,1,3,2,2,1,3,0,0,0,0,0,0,7
871,1,1,1,3,2,2,2,1,0,0,0,0,0,0,2
872,1,1,1,3,2,2,2,2,0,0,0,0,0,0,2
873,1,1,1,3,2,2,2,3,0,0,0,0,0,0,2
874,1,1,1,3,2,2,3,1,0,0,0,0,0,0,7
875,1,1,1,3,2,2,3,2,0,0,0,0,0,0,7
876,1,1,1,3,2,2,3,3,0,0,0,0,0,0,7
877,2,2,1,1,1,3,1,1,0,0,0,0,0,0,6
878,2,2,1,1,1,3,1,2,0,0,0,0,0,0,2
879,2,2,1,1,1,3,1,3,0,0,0,0,0,0,6
880,2,2,1,1,1,3,2,1,0,0,0,0,0,0,2
881,2,2,1,1,1,3,2,2,0,0,0,0,0,0,2
882,2,2,1,1,1,3,2,3,0,0,0,0,0,0,2
883,2,2,1,1,1,3,3,1,0,0,0,0,0,0,1
884,2,2,1,1,1,3,3,2,0,0,0,0,0,0,1
885,2,2,1,1,1,3,3,3,0,0,0,0,0,0,1
886,1,1,2,1,1,3,1,1,0,0,0,0,0,0,5
887,1,1,2,1,1,3,1,2,0,0,0,0,0,0,2
888,1,1,2,1,1,3,1,3,0,0,0,0,0,0,5
889,1,1,2,1,1,3,2,1,0,0,0,0,0,0,2
890,1,1,2,1,1,3,2,2,0,0,0,0,0,0,2
891,1,1,2,1,1,3,2,3,0,0,0,0,0,0,2
892,1,1,2,1,1,3,3,1,0,0,0,0,0,0,5
893,1,1,2,1,1,3,3,2,0,0,0,0,0,0,5
894,1,1,2,1,1,3,3,3,0,0,0,0,0,0,5
895,2,3,3,3,3,2,1,1,0,0,0,0,0,0,7
896,2,3,3,3,3,2,1,2,0,0,0,0,0,0,7
897,2,3,3,3,3,2,1,3,0,0,0,0,0,0,7
898,2,3,3,3,3,2,2,1,0,0,0,0,0,0,2
899,2,3,3,3,3,2,2,2,0,0,0,0,0,0,2
900,2,3,3,3,3,2,2,3,0,0,0,0,0,0,2
901,2,3,3,3,3,2,3,1,0,0,0,0,0,0,7
902,2,3,3,3,3,2,3,2,0,0,0,0,0,0,7
903,2,3,3,3,3,2,3,3,0,0,0,0,0,0,7
904,1,1,2,2,1,3,1,1,0,0,0,0,0,0,5
905,1,1,2,2,1,3,1,2,0,0,0,0,0,0,2
906,1,1,2,2,1,3,1,3,0,0,0,0,0,0,5
907,1,1,2,2,1,3,2,1,0,0,0,0,0,0,2
908,1,1,2,2,1,3,2,2,0,0,0,0,0,0,2
909,1,1,2,2,1,3,2,3,0,0,0,0,0,0,2
910,1,1,2,2,1,3,3,1,0,0,0,0,0,0,5
911,1,1,2,2,1,3,3,2,0,0,0,0,0,0,5
912,1,1,2,2,1,3,3,3,0,0,0,0,0,0,5
913,1,1,3,1,1,2,1,1,0,0,0,0,0,0,1
914,1,1,3,1,1,2,1,2,0,0,0,0,0,0,2
915,1,1,3,1,1,2,1,3,0,0,0,0,0,0,1
916,1,1,3,1,1,2,2,1,0,0,0,0,0,0,2
917,1,1,3,1,1,2,2,2,0,0,0,0,0,0,2
918,1,1,3,1,1,2,2,3,0,0,0,0,0,0,2
919,1,1,3,1,1,2,3,1,0,0,0,0,0,0,3
920,1,1,3,1,1,2,3,2,0,0,0,0,0,0,1
921,1,1,3,1,1,2,3,3,0,0,0,0,0,0,3
922,1,1,3,3,1,2,1,1,0,0,0,0,0,0,7
923,1,1,3,3,1,2,1,2,0,0,0,0,0,0,7
924,1,1,3,3,1,2,1,3,0,0,0,0,0,0,7
925,1,1,3,3,1,2,2,1,0,0,0,0,0,0,7
926,1,1,3,3,1,2,2,2,0,0,0,0,0,0,7
927,1,1,3,3,1,2,2,3,0,0,0,0,0,0,7
928,1,1,3,3,1,2,3,1,0,0,0,0,0,0,7
929,1,1,3,3,1,2,3,2,0,0,0,0,0,0,7
930,1,1,3,3,1,2,3,3,0,0,0,0,0,0,7
931,1,2,1,1,1,3,1,1,0,0,0,0,0,0,6
932,1,2,1,1,1,3,1,2,0,0,0,0,0,0,2
933,1,2,1,1,1,3,1,3,0,0,0,0,0,0,6
934,1,2,1,1,1,3,2,1,0,0,0,0,0,0,2
935,1,2,1,1,1,3,2,2,0,0,0,0,0,0,2
936,1,1,1,1,3,3,1,1,0,0,0,0,0,0,6
937,1,1,1,1,3,3,1,1,0,0,0,0,0,1,10
938,1,1,1,1,3,3,1,1,0,0,0,0,1,0,9
939,1,1,1,1,3,3,1,1,0,0,0,0,1,1,10
940,1,1,1,1,3,3,1,1,0,0,0,1,0,0,9
941,1,1,1,1,3,3,1,1,0,0,0,1,0,1,9
942,1,1,1,1,3,3,1,1,0,0,0,1,1,0,9
943,1,1,1,1,3,3,1,1,0,0,0,1,1,1,10
944,1,1,1,1,3,3,1,1,0,0,1,0,0,0,9
945,1,1,1,1,3,3,1,1,0,0,1,0,0,1,9
946,1,1,1,1,3,3,1,1,0,0,1,0,1,0,9
947,1,1,1,1,3,3,1,1,0,0,1,0,1,1,10
948,1,1,1,1,3,3,1,1,0,0,1,1,0,0,9
949,1,1,1,1,3,3,1,1,0,0,1,1,0,1,9
950,1,1,1,1,3,3,1,1,0,0,1,1,1,0,9
951,1,1,1,1,3,3,1,1,0,0,1,1,1,1,10
952,1,1,1,1,3,3,1,1,0,1,0,0,0,0,9
953,1,1,1,1,3,3,1,1,0,1,0,0,0,1,9
954,1,1,1,1,3,3,1,1,0,1,0,0,1,0,9
955,1,1,1,1,3,3,1,1,0,1,0,0,1,1,10
956,1,1,1,1,3,3,1,1,0,1,0,1,0,0,9
957,1,1,1,1,3,3,1,1,0,1,0,1,0,1,8
958,1,1,1,1,3,3,1,1,0,1,0,1,1,0,9
959,1,1,1,1,3,3,1,1,0,1,0,1,1,1,10
960,1,1,1,1,3,3,1,1,0,1,1,0,0,0,9
961,1,1,1,1,3,3,1,1,0,1,1,0,0,1,9
962,1,1,1,1,3,3,1,1,0,1,1,0,1,0,9
963,1,1,1,1,3,3,1,1,0,1,1,0,1,1,9
964,1,1,1,1,3,3,1,1,0,1,1,1,0,0,9
965,1,1,1,1,3,3,1,1,0,1,1,1,0,1,9
966,1,1,1,1,3,3,1,1,0,1,1,1,1,0,9
967,1,1,1,1,3,3,1,1,0,1,1,1,1,1,10
968,1,1,1,1,3,3,1,1,1,0,0,0,0,0,8
969,1,1,1,1,3,3,1,1,1,0,0,0,0,1,8
970,1,1,1,1,3,3,1,1,1,0,0,0,1,0,8
971,1,1,1,1,3,3,1,1,1,0,0,0,1,1,10
972,1,1,1,1,3,3,1,1,1,0,0,1,0,0,8
973,1,1,1,1,3,3,1,1,1,0,0,1,0,1,8
974,1,1,1,1,3,3,1,1,1,0,0,1,1,0,8
975,1,1,1,1,3,3,1,1,1,0,0,1,1,1,10
976,1,1,1,1,3,3,1,1,1,0,1,0,0,0,8
977,1,1,1,1,3,3,1,1,1,0,1,0,0,1,8
978,1,1,1,1,3,3,1,1,1,0,1,0,1,0,8
979,1,1,1,1,3,3,1,1,1,0,1,0,1,1,10
980,1,1,1,1,3,3,1,1,1,0,1,1,0,0,9
981,1,1,1,1,3,3,1,1,1,0,1,1,0,1,9
982,1,1,1,1,3,3,1,1,1,0,1,1,1,0,9
983,1,1,1,1,3,3,1,1,1,0,1,1,1,1,10
984,1,1,1,1,3,3,1,1,1,1,0,0,0,0,8
985,1,1,1,1,3,3,1,1,1,1,0,0,0,1,8
986,1,1,1,1,3,3,1,1,1,1,0,0,1,0,8
987,1,1,1,1,3,3,1,1,1,1,0,0,1,1,8
988,1,1,1,1,3,3,1,1,1,1,0,1,0,0,8
989,1,1,1,1,3,3,1,1,1,1,0,1,0,1,8
990,1,1,1,1,3,3,1,1,1,1,0,1,1,0,8
991,1,1,1,1,3,3,1,1,1,1,0,1,1,1,10
992,1,1,1,1,3,3,1,1,1,1,1,0,0,0,8
993,1,1,1,1,3,3,1,1,1,1,1,0,0,1,8
994,1,1,1,1,3,3,1,1,1,1,1,0,1,0,8
995,1,1,1,1,3,3,1,1,1,1,1,0,1,1,8
996,1,1,1,1,3,3,1,1,1,1,1,1,0,0,8
997,1,1,1,1,3,3,1,1,1,1,1,1,0,1,8
998,1,1,1,1,3,3,1,1,1,1,1,1,1,0,8
999,1,1,1,1,3,3,1,1,1,1,1,1,1,1,8
